{"cameraMode":{"drawMode":0,"name":"Shaded","section":"Shading Mode"},"sceneLighting":true,"audioPlay":false,"sceneViewState":{"m_AlwaysRefresh":false,"showFog":true,"showSkybox":true,"showFlares":true,"showImageEffects":true,"showParticleSystems":true,"showVisualEffectGraphs":true,"m_FxEnabled":true},"in2DMode":false,"pivot":{"x":-10.713024139404297,"y":4.628683090209961,"z":-10.510913848876954},"rotation":{"x":0.28076159954071047,"y":0.19911541044712068,"z":-0.059678059071302417,"w":0.9370414018630981},"size":1.6721580028533936,"orthographic":false}