{"cameraMode":{"drawMode":0,"name":"Shaded","section":"Shading Mode"},"sceneLighting":true,"audioPlay":false,"sceneViewState":{"m_AlwaysRefresh":true,"showFog":true,"showSkybox":true,"showFlares":true,"showImageEffects":true,"showParticleSystems":true,"showVisualEffectGraphs":true,"m_FxEnabled":true},"in2DMode":false,"pivot":{"x":8.066362380981446,"y":2.1398913860321047,"z":6.563588619232178},"rotation":{"x":-0.07909189909696579,"y":0.7158692479133606,"z":-0.08219143003225327,"w":-0.6888954043388367},"size":1.1147719621658326,"orthographic":false}