{"cameraMode":{"drawMode":0,"name":"Shaded","section":"Shading Mode"},"sceneLighting":true,"audioPlay":false,"sceneViewState":{"m_AlwaysRefresh":true,"showFog":true,"showSkybox":true,"showFlares":true,"showImageEffects":true,"showParticleSystems":true,"showVisualEffectGraphs":true,"m_FxEnabled":true},"in2DMode":false,"pivot":{"x":0.8977447748184204,"y":3.119798421859741,"z":11.180252075195313},"rotation":{"x":-0.19972051680088044,"y":0.5283011794090271,"z":-0.1294657438993454,"w":-0.8150507807731628},"size":1.1147719621658326,"orthographic":false}